-- phpMyAdmin SQL Dump
-- version 5.0.4
-- https://www.phpmyadmin.net/
--
-- Host: 127.0.0.1
-- Waktu pembuatan: 11 Mar 2021 pada 16.37
-- Versi server: 10.4.17-MariaDB
-- Versi PHP: 8.0.1

SET SQL_MODE = "NO_AUTO_VALUE_ON_ZERO";
START TRANSACTION;
SET time_zone = "+00:00";


/*!40101 SET @OLD_CHARACTER_SET_CLIENT=@@CHARACTER_SET_CLIENT */;
/*!40101 SET @OLD_CHARACTER_SET_RESULTS=@@CHARACTER_SET_RESULTS */;
/*!40101 SET @OLD_COLLATION_CONNECTION=@@COLLATION_CONNECTION */;
/*!40101 SET NAMES utf8mb4 */;

--
-- Database: `db_sppabdul`
--

-- --------------------------------------------------------

--
-- Struktur dari tabel `kelas`
--

CREATE TABLE `kelas` (
  `id_kelas` int(11) NOT NULL,
  `nama_kelas` varchar(10) NOT NULL,
  `kompetensi_keahlian` varchar(50) NOT NULL
) ENGINE=InnoDB DEFAULT CHARSET=utf8mb4;

--
-- Dumping data untuk tabel `kelas`
--

INSERT INTO `kelas` (`id_kelas`, `nama_kelas`, `kompetensi_keahlian`) VALUES
(1, 'XII RPL 1', 'Rekayasa Perangkat Lunak'),
(2, 'XII RPL 2', 'Rekayasa Perangkat Lunak');

-- --------------------------------------------------------

--
-- Struktur dari tabel `pembayaran`
--

CREATE TABLE `pembayaran` (
  `id_pembayaran` int(11) NOT NULL,
  `id_petugas` int(11) NOT NULL,
  `nisn` varchar(11) NOT NULL,
  `tgl_bayar` date NOT NULL,
  `bulan_dibayar` varchar(8) NOT NULL,
  `tahun_dibayar` varchar(4) NOT NULL,
  `id_spp` int(11) NOT NULL,
  `jumlah_bayar` int(11) NOT NULL
) ENGINE=InnoDB DEFAULT CHARSET=utf8mb4;

--
-- Dumping data untuk tabel `pembayaran`
--

INSERT INTO `pembayaran` (`id_pembayaran`, `id_petugas`, `nisn`, `tgl_bayar`, `bulan_dibayar`, `tahun_dibayar`, `id_spp`, `jumlah_bayar`) VALUES
(1, 1, '0033645127', '2021-01-01', '01', '2021', 1, 120000),
(2, 1, '0033425677', '2021-02-01', '02', '2021', 2, 120000);

-- --------------------------------------------------------

--
-- Struktur dari tabel `petugas`
--

CREATE TABLE `petugas` (
  `id_petugas` int(11) NOT NULL,
  `username` varchar(25) NOT NULL,
  `password` varchar(32) NOT NULL,
  `nama_petugas` varchar(35) NOT NULL,
  `level` enum('admin','petugas') NOT NULL
) ENGINE=InnoDB DEFAULT CHARSET=utf8mb4;

--
-- Dumping data untuk tabel `petugas`
--

INSERT INTO `petugas` (`id_petugas`, `username`, `password`, `nama_petugas`, `level`) VALUES
(1, 'konfirmasi1', '123456', 'abdul', 'admin'),
(2, 'konfirmasi2', '123456', 'entuy', 'petugas');

-- --------------------------------------------------------

--
-- Struktur dari tabel `siswa`
--

CREATE TABLE `siswa` (
  `nisn` varchar(11) NOT NULL,
  `nis` varchar(11) NOT NULL,
  `nama` varchar(35) NOT NULL,
  `id_kelas` int(11) NOT NULL,
  `alamat` text NOT NULL,
  `no_telp` varchar(13) NOT NULL,
  `id_spp` int(11) NOT NULL
) ENGINE=InnoDB DEFAULT CHARSET=utf8mb4;

--
-- Dumping data untuk tabel `siswa`
--

INSERT INTO `siswa` (`nisn`, `nis`, `nama`, `id_kelas`, `alamat`, `no_telp`, `id_spp`) VALUES
('0033645127', '18192149', 'kadita', 1, 'kp pangauban ds.pangauban', '083835124467', 1),
('0033425677', '18191043', 'granger', 1, 'kp cibodas ds.pangauban', '088347819991', 1),
('0033661198', '18191253', 'cecil', 2, 'kp pangauban ds.pangauban', '087324556789', 2),
('0033745554', '18191044', 'zul', 1, 'kp cihurip ds.pangauban', '089926897489', 1),
('0033696912', '18191074', 'acuy', 2, 'kp pangauban ds.pangauban', '08512443321', 2),
('0033756443', '18191069', 'kimid', 2, 'kp galanggang ds.galanggang', '087800481239', 2),
('0033444306', '18191056', 'ferdy', 2, 'kp galanggang ds.galanggang', '083806857450', 2),
('0033536492', '18191022', 'gayot', 1, 'kp laksana mekar ds.galanggang', '083806787777', 1),
('0033295123', '18191089', 'adit', 1, 'kp cibogo ds.pangauban', '085354913308', 1),
('0033930487', '18191010', 'aldi', 1, 'kp pangauban ds.pangauban', '088300089109', 2),

-- --------------------------------------------------------

--
-- Struktur dari tabel `spp`
--

CREATE TABLE `spp` (
  `id_spp` int(11) NOT NULL,
  `tahun` int(11) NOT NULL,
  `nominal` int(11) NOT NULL
) ENGINE=InnoDB DEFAULT CHARSET=utf8mb4;

--
-- Dumping data untuk tabel `spp`
--

INSERT INTO `spp` (`id_spp`, `tahun`, `nominal`) VALUES
(1, 2021, 120000),
(2, 2021, 120000);

--
-- Indexes for dumped tables
--

--
-- Indeks untuk tabel `kelas`
--
ALTER TABLE `kelas`
  ADD PRIMARY KEY (`id_kelas`);

--
-- Indeks untuk tabel `pembayaran`
--
ALTER TABLE `pembayaran`
  ADD PRIMARY KEY (`id_pembayaran`),
  ADD KEY `id_petugas` (`id_petugas`),
  ADD KEY `id_spp` (`id_spp`);

--
-- Indeks untuk tabel `petugas`
--
ALTER TABLE `petugas`
  ADD PRIMARY KEY (`id_petugas`);

--
-- Indeks untuk tabel `siswa`
--
ALTER TABLE `siswa`
  ADD PRIMARY KEY (`nisn`),
  ADD KEY `id_kelas` (`id_kelas`),
  ADD KEY `id_spp` (`id_spp`);

--
-- Indeks untuk tabel `spp`
--
ALTER TABLE `spp`
  ADD PRIMARY KEY (`id_spp`);

--
-- AUTO_INCREMENT untuk tabel yang dibuang
--

--
-- AUTO_INCREMENT untuk tabel `kelas`
--
ALTER TABLE `kelas`
  MODIFY `id_kelas` int(11) NOT NULL AUTO_INCREMENT, AUTO_INCREMENT=3;

--
-- AUTO_INCREMENT untuk tabel `pembayaran`
--
ALTER TABLE `pembayaran`
  MODIFY `id_pembayaran` int(11) NOT NULL AUTO_INCREMENT, AUTO_INCREMENT=2;

--
-- AUTO_INCREMENT untuk tabel `petugas`
--
ALTER TABLE `petugas`
  MODIFY `id_petugas` int(11) NOT NULL AUTO_INCREMENT, AUTO_INCREMENT=5;

--
-- AUTO_INCREMENT untuk tabel `spp`
--
ALTER TABLE `spp`
  MODIFY `id_spp` int(11) NOT NULL AUTO_INCREMENT, AUTO_INCREMENT=3;

--
-- Ketidakleluasaan untuk tabel pelimpahan (Dumped Tables)
--

--
-- Ketidakleluasaan untuk tabel `pembayaran`
--
ALTER TABLE `pembayaran`
  ADD CONSTRAINT `pembayaran_ibfk_1` FOREIGN KEY (`id_petugas`) REFERENCES `petugas` (`id_petugas`),
  ADD CONSTRAINT `pembayaran_ibfk_2` FOREIGN KEY (`nisn`) REFERENCES `siswa` (`nisn`),
  ADD CONSTRAINT `pembayaran_ibfk_3` FOREIGN KEY (`id_spp`) REFERENCES `siswa` (`id_spp`);

--
-- Ketidakleluasaan untuk tabel `siswa`
--
ALTER TABLE `siswa`
  ADD CONSTRAINT `siswa_ibfk_1` FOREIGN KEY (`id_kelas`) REFERENCES `kelas` (`id_kelas`),
  ADD CONSTRAINT `siswa_ibfk_2` FOREIGN KEY (`id_spp`) REFERENCES `spp` (`id_spp`);
COMMIT;

/*!40101 SET CHARACTER_SET_CLIENT=@OLD_CHARACTER_SET_CLIENT */;
/*!40101 SET CHARACTER_SET_RESULTS=@OLD_CHARACTER_SET_RESULTS */;
/*!40101 SET COLLATION_CONNECTION=@OLD_COLLATION_CONNECTION */;
